,Reach,Flow_Zone,Observed Load (mpn/day)
0,505,High,444867280505.03235
1,505,Low,18692496180.678947
2,505,Mid,140405347412.0439
