,Reach,Year,E. coli (mpn/100mL)
0,505,2009,96.83134690242913
1,505,2010,95.47765997663326
