,Reach,Month,E. coli (mpn/100mL)
0,505,6,126.16622050088053
1,505,7,106.48247860593166
2,505,8,65.89024192356672
