Reach,Month,count,mean,std,min,50%,90%,95%,max
505,6,5.0,473.0,856.029789201287,18.0,150.0,1264.0000000000002,1631.9999999999995,2000.0
505,7,5.0,166.6,171.37035916400478,20.0,100.0,340.00000000000006,400.0,460.0
505,8,5.0,89.2,72.51689458326246,23.0,58.0,170.0,180.0,190.0
