,Reach,Flow_Zone,E. coli (mpn/100mL)
0,505,High,179.24682916352165
1,505,Low,38.74703525777042
2,505,Mid,112.8849344753144
