Reach,Year,count,mean,std,min,50%,90%,95%,max
505,2009,6.0,399.6666666666667,786.7595990305213,20.0,97.5,1080.0,1540.0,2000.0
505,2010,9.0,138.44444444444446,132.7611681847436,18.0,100.0,244.00000000000006,351.9999999999999,460.0
